,,,,,,,,,,,,,,,,,,,,,,,,,,,,,,,,,,,,,,,,,,,,,,,,,,,,,,,,,,,,,,,,,,,,,,,,,,,,,,,,,,,,,,,,,,,,,,,,,xs-20.lvl,xs-19.lvl,,,,,,,,,,,,,,,,,,,,,,,,,,,,,,,,,,,,,,,,,,,,,,,,,,,,,,,,,,,,,,,,,,,,,,,,,,,,,,,,,,,,,,,,,,,,,,,,,,,,,,,,,,,,,,,,,,,,,,,,,,,,,,,,,,,,,,,,,,,,,,,,,,,,,,,,,,,,,,,,,,,,,,,,,,,,,,,,,,,,,,,,,,,,,,,,,,,,,,
,,,,,,,,,,,,,,,,,,,,,,,,,,,,,,,,,,,,,,,,,,,,,,,,,,,,,,,,,,,,,,,,,,,,,,,,,,,,,,,,,,,,,,,,,,,,,,,,,..,xs-18.lvl,xs-17.lvl,,,,,,,,,qux-1.lvl,,,,,,,,,,,,,,,,,,,,,,,,,,,,,,,,,,,,,,,,,,,,,,,,,,,,,,,,,,,,,,,,,,,,,,,,,,,,,,,,,,,,,,,,,,,,,,,,,,,,,,,,,,,,,,,,6ax-4.lvl,,,,,,,,,,,,,,,,,,,,,,,,,,,,,,,,,,,,,,,,,,,,,,,,,,,,,,,,,,,,,,,,,,,,,,,,,,,,
,,,,,,,,,,,,,,,,,,,,,,,,,,,,,,,,,,,,,,,,,,,,,,,,,,,,,,,,,,,,,,,,,,,,,,,,,,,,,,,,,,,,,,,,,,,,,,,,,..,..,..,..,..,,,,,,,qu-9.lvl,qu-10.lvl,qu-11.lvl,qu-11x.lvl,qu-12.lvl,,,,,,,,,,,,,,,,,,,,,,,,,,,,,,,,,,,,,,,,,,,,,,,,,,,,,,,,,,,,,,,,,,,,,,,,,,,,,,,,,,,,,,,,,,,,,,,,,,,,,,,,,,,,6ax-3.lvl,,,,,6ax-1.lvl,,,,,,,,,,,,,,,,,,,,,,,,,,,,,,,,,,,,,,,,,,,,,,,,,,,,,,,,,,,,,,,,,,,,,,,
..,..,..,..,..,..,..,..,..,..,..,..,..,..,..,..,..,..,..,..,..,..,..,..,..,..,..,..,..,..,..,..,..,..,..,..,..,..,..,..,..,..,..,..,..,..,..,..,..,..,..,..,..,..,..,..,..,..,..,..,..,..,..,..,..,..,..,..,..,..,..,..,..,..,..,..,..,..,..,..,..,..,..,..,..,..,..,..,..,..,..,..,..,..,..,..,..,..,,xs-16.lvl,xs-15.lvl,xs-14.lvl,..,..,..,..,..,..,..,..,..,..,..,..,..,..,..,..,..,..,..,..,..,..,..,..,..,..,..,..,..,..,$c1-1.lvl,$c1-2.lvl,$c1-3.lvl,$c1-4.lvl,$c1-5.lvl,$c1-6.lvl,$c1-7.lvl,$c1-8.lvl,$c1-9.lvl,$c1-10x.lvl,$c2-1x.lvl,$c2-2.lvl,$c2-3.lvl,$c2-4.lvl,$c2-5.lvl,$c2-6.lvl,$c2-7.lvl,$c2-8.lvl,$c2-9.lvl,$c2-10x.lvl,$c3-1x.lvl,$c3-2.lvl,$c3-3.lvl,$c3-4.lvl,$c3-5.lvl,$c3-6.lvl,$c3-7.lvl,$c3-8.lvl,$c3-9.lvl,$c3-10x.lvl,$c4c-1x.lvl,$c4c-2.lvl,$c4c-3.lvl,$c4c-4.lvl,$c4c-5.lvl,$c4c-6.lvl,$c4c-7.lvl,$c4c-8.lvl,$c4c-9.lvl,$c4c-10x.lvl,$c5c-1x.lvl,$c5c-2.lvl,$c5c-3.lvl,$c5c-4.lvl,$c5c-5.lvl,$c5c-6.lvl,$c5c-7.lvl,$c5c-8.lvl,$c5c-9.lvl,$c5c-10x.lvl,$c4a-1x.lvl,$c4a-2.lvl,$c4a-3.lvl,$c4a-4.lvl,$c4a-5.lvl,$c4a-6.lvl,$c4a-7.lvl,$c4a-8.lvl,$c4a-9.lvl,$c4a-10x.lvl,$c5a-1x.lvl,$c5a-2.lvl,$c5a-3.lvl,$c5a-4.lvl,$c5a-5.lvl,$c5a-6.lvl,$c5a-7.lvl,$c5a-8.lvl,$c5a-9.lvl,$c5a-10x.lvl,$c4b-1x.lvl,$c4b-2.lvl,$c4b-3.lvl,$c4b-4.lvl,$c4b-5.lvl,$c4b-6.lvl,$c4b-7.lvl,$c4b-8.lvl,$c4b-9.lvl,$c4b-10x.lvl,$c5b-1x.lvl,$c5b-2.lvl,$c5b-3.lvl,$c5b-4.lvl,$c5b-5.lvl,$c5b-6.lvl,$c5b-7.lvl,$c5b-8.lvl,..,$c5b-9.lvl,$c5b-10x.lvl,c6-1.lvl,c6-2.lvl,..,c6-3.lvl,c6-4.lvl,c6-5.lvl,c6-6.lvl,c6-7.lvl,c6-8.lvl,c6-9.lvl,c6-10.lvl,,,,,,,,,,,,,,,,,,,,,,,,,,,,,,,,,,,,,,,,,,,,,,,,,,,,,,,,,,,,,,,
..,csd1-1.lvl,csd1-2.lvl,csd1-3.lvl,csd1-4.lvl,csd1-5.lvl,csd1-6.lvl,csd1-7.lvl,csd1-8.lvl,csd1-9.lvl,csd1-10.lvl,gn1-1.lvl,gn1-2.lvl,gn1-3.lvl,gn1-4.lvl,gn1-5.lvl,gn1-6.lvl,gn1-7.lvl,gn1-8.lvl,gn1-9.lvl,gn1-10.lvl,gn7-1.lvl,gn7-2.lvl,gn7-3.lvl,gn7-4.lvl,gn7-5.lvl,gn7-6.lvl,gn7-7.lvl,gn7-8.lvl,gn7-9.lvl,gn7-10.lvl,g6a-1.lvl,g6a-2.lvl,g6a-3.lvl,g6a-4.lvl,g6a-5.lvl,g6a-6.lvl,g6a-7.lvl,g6a-8.lvl,g6a-9.lvl,g6a-10.lvl,g7a-1.lvl,g7a-2.lvl,g7a-3.lvl,g7a-4.lvl,g7a-5.lvl,g7a-6.lvl,g7a-7.lvl,g7a-8.lvl,g7a-9.lvl,g7a-10.lvl,,,,,,,,,,,,,,,,,,,,,,,,,,,,,,,,,,,,,,,,,,,,,,,..,,,,xs-13.lvl,..,..,..,..,..,..,..,..,..,..,..,..,..,..,..,..,..,..,..,..,..,..,..,..,..,..,..,..,..,..,..,..,..,..,..,..,..,..,..,..,..,..,..,..,..,..,..,..,..,..,..,..,..,..,..,..,..,..,..,..,..,..,,..,..,..,,c1-1.lvl,c1-2.lvl,c1-3.lvl,c1-4.lvl,c1-5.lvl,c1-6.lvl,c1-7.lvl,c1-8.lvl,c1-9.lvl,c1-10.lvl,,10x-2.lvl,10x-1.lvl,,,,,g1-1.lvl,g1-2.lvl,g1-3.lvl,g1-4.lvl,g1-5.lvl,g1-6.lvl,g1-7.lvl,g1-8.lvl,g1-9.lvl,g1-10.lvl,,,,,,,,,,,,,,,5a-19.lvl,5a-20.lvl,5a-21.lvl,5a-22.lvl,5ax-16.lvl,5ax-15.lvl,6a-1.lvl,6a-2.lvl,6a-3.lvl,6a-4.lvl,6a-5.lvl,6a-5x.lvl,6a-6.lvl,6a-7.lvl,6a-8.lvl,6a-9x.lvl,6a-9.lvl,6a-10.lvl,6a-11.lvl,6a-12.lvl,6a-13.lvl,,,,,,,,,,,,,,,,,,,,,,,,,,,,,,,,,,,,,,,,,,,,,,,,,,,,,,,,,,,,,,,,,,
..,gx-1.lvl,gx-2.lvl,gx-3.lvl,gx-4.lvl,gx-5.lvl,gx-6.lvl,gx-7.lvl,gx-8.lvl,gx-9.lvl,gx-10.lvl,gn3-1.lvl,gn3-2.lvl,gn3-3.lvl,gn3-4.lvl,gn3-5.lvl,gn3-6.lvl,gn3-7.lvl,gn3-8.lvl,gn3-9.lvl,gn3-10.lvl,gn8-1.lvl,gn8-2.lvl,gn8-3.lvl,gn8-4.lvl,gn8-5.lvl,gn8-6.lvl,gn8-7.lvl,gn8-8.lvl,gn8-9.lvl,gn8-10.lvl,g6b-1.lvl,g6b-2.lvl,g6b-3.lvl,g6b-4.lvl,g6b-5.lvl,g6b-6.lvl,g6b-7.lvl,g6b-8.lvl,g6b-9.lvl,g6b-10.lvl,g7b-1.lvl,g7b-2.lvl,g7b-3.lvl,g7b-4.lvl,g7b-5.lvl,g7b-6.lvl,g7b-7.lvl,g7b-8.lvl,g7b-9.lvl,g7b-10.lvl,,,,,,..,,,,,,,,,,,,,,,,,,,,,,,,,,,,,,,,,,,,,,,,,..,,,,xs-12.lvl,..,..,xs-11.lvl,xsx-2.lvl,,,qu-8.lvl,,,,,,,,,g6d-1.lvl,g6d-2.lvl,g6d-3.lvl,g6d-4.lvl,g6d-5.lvl,g6d-6.lvl,g6d-7.lvl,g6d-8.lvl,g6d-9.lvl,g6d-10.lvl,gi0-1.lvl,gi0-2.lvl,gi0-3.lvl,gi0-4.lvl,gi0-5.lvl,gi0-6.lvl,gi0-7.lvl,gi0-8.lvl,gi0-9.lvl,gi0-10.lvl,,,,,,,,,,i0-2.lvl,i0-3.lvl,i0-4.lvl,i0-5.lvl,,,,,,,,,ix0-5.lvl,i4-5.lvl,i4-6.lvl,,,,i5-5.lvl,,,,..,c2-1.lvl,c2-2.lvl,c2-3.lvl,c2-4.lvl,c2-5.lvl,c2-6.lvl,c2-7.lvl,c2-8.lvl,c2-9.lvl,c2-10.lvl,,,,,,,,g2-1.lvl,g2-2.lvl,g2-3.lvl,g2-4.lvl,g2-5.lvl,g2-6.lvl,g2-7.lvl,g2-8.lvl,g2-9.lvl,g2-10.lvl,,,,,,,,,,,,,5ax-13.lvl,,..,,,,,,,,,,,,,,,6ax-2.lvl,,,,..,,,,,,,,,,,,,,,,,,,,,,,,,,,,,,,,,,,,,,,,,,,,,,,,,,,,,,,,,,,,,,,,,,,
..,csd2-1.lvl,//dear god,t-50.lvl,,,,,,,,gn4-1.lvl,gn4-2.lvl,gn4-3.lvl,gn4-4.lvl,gn4-5.lvl,gn4-6.lvl,gn4-7.lvl,gn4-8.lvl,gn4-9.lvl,gn4-10.lvl,gn9-1.lvl,gn9-2.lvl,gn9-3.lvl,gn9-4.lvl,gn9-5.lvl,gn9-6.lvl,gn9-7.lvl,gn9-8.lvl,gn9-9.lvl,gn9-10.lvl,g6c-1.lvl,g6c-2.lvl,g6c-3.lvl,g6c-4.lvl,g6c-5.lvl,g6c-6.lvl,g6c-7.lvl,g6c-8.lvl,g6c-9.lvl,g6c-10.lvl,g7c-1.lvl,g7c-2.lvl,g7c-3.lvl,g7c-4.lvl,g7c-5.lvl,g7c-6.lvl,g7c-7.lvl,g7c-8.lvl,g7c-9.lvl,g7c-10.lvl,,,,,,..,,,,,,,,,,,,,,,,,,,,,,,,,,,,,,,,,,,,,,,,,..,,,,,..,xs-9.lvl,xs-10.lvl,,,,qu-7.lvl,,,,,,,,,gbt-1.lvl,gbt-2.lvl,gbt-3.lvl,gbt-4.lvl,gbt-5.lvl,gbt-6.lvl,gbt-7.lvl,gbt-8.lvl,gbt-9.lvl,gbt-10.lvl,,,,,,,,,,,,,,,,,,,,,,,,,,,,,,,,ix0-4.lvl,i4-4.lvl,i4-3.lvl,,,,i5-4.lvl,,,,..,c3-1.lvl,c3-2.lvl,c3-3.lvl,c3-4.lvl,c3-5.lvl,c3-6.lvl,c3-7.lvl,c3-8.lvl,c3-9.lvl,c3-10.lvl,,10x-5.lvl,10x-6.lvl,,,,,g3-1.lvl,g3-2.lvl,g3-3.lvl,g3-4.lvl,g3-5.lvl,g3-6.lvl,g3-7.lvl,g3-8.lvl,g3-9.lvl,g3-10.lvl,,,,,,,,,,,,5a-15.lvl,5a-16.lvl,5a-17.lvl,5a-18.lvl,cwarp-5.lvl,,,,,,,,,,,,,,,,,..,,,,,,,,,,,,,,,,,,,,,,,,,,,,,,,,,,,,,,,,,,,,,,,,,,,,,,,,,,,,,,,,,,,,
..,,,,,,,,,,,gn5-1.lvl,gn5-2.lvl,gn5-3.lvl,gn5-4.lvl,gn5-5.lvl,gn5-6.lvl,gn5-7.lvl,gn5-8.lvl,gn5-9.lvl,gn5-10.lvl,gn10-1.lvl,gn10-2.lvl,gn10-3.lvl,gn10-4.lvl,gn10-5.lvl,gn10-6.lvl,gn10-7.lvl,gn10-8.lvl,gn10-9.lvl,gn10-10.lvl,,,,,,,,,$g5a-1x.lvl,$g5a-2.lvl,$g5a-3.lvl,$g5a-4.lvl,$g5a-5.lvl,$g5a-6.lvl,$g5a-7.lvl,$g5a-8.lvl,$g5a-9.lvl,$g5a-10x.lvl,,,,,,,,..,,,,,,,,,,,,,,,,,,,,,,,,,,,,,,,,,,,,,,,,,..,,,,,xs-7.lvl,xs-8.lvl,..,,qu-4.lvl,qu-5.lvl,qu-6.lvl,,,,,,,,,gr1-1.lvl,gr1-2.lvl,gr1-3.lvl,gr1-4.lvl,gr1-5.lvl,gr1-6.lvl,gr1-7.lvl,gr1-8.lvl,gr1-9.lvl,gr1-10.lvl,,,,,,,,,,,,,,,,,,,,,,,,,,,,,,,i5b-5.lvl,ix0-3.lvl,i4-1.lvl,i4-2.lvl,,,,i5-3.lvl,,,,..,c4a-1.lvl,c4a-2.lvl,c4a-3.lvl,c4a-4.lvl,c4a-5.lvl,c4a-6.lvl,c4a-7.lvl,c4a-8.lvl,c4a-9.lvl,c4a-10.lvl,,,,,,,,g4-1.lvl,g4-2.lvl,g4-3.lvl,g4-4.lvl,g4-5.lvl,g4-6.lvl,g4-7.lvl,g4-8.lvl,g4-9.lvl,g4-10.lvl,,,,,,,,,,,,..,5ax-10.lvl,5ax-11.lvl,,,,,,,,,,,,,,,,,,..,,,,,,,,,,,,,,,,,,,,,,,,,,,,,,,,,,,,,,,,,,,,,,,,,,,,,,,,,,,,,,,,,,,,,
..,,,,,,,,,,,gn6-1.lvl,gn6-2.lvl,gn6-3.lvl,gn6-4.lvl,gn6-5.lvl,gn6-6.lvl,gn6-7.lvl,gn6-8.lvl,gn6-9.lvl,gn6-10.lvl,,,,,,,,,$g4a-1x.lvl,$g4a-2.lvl,$g4a-3.lvl,$g4a-4.lvl,$g4a-5.lvl,$g4a-6.lvl,$g4a-7.lvl,$g4a-8.lvl,$g4a-9.lvl,..,$g4a-10x.lvl,,,,,,,,,$gr4-1x.lvl,$gr4-2.lvl,$gr4-3.lvl,$gr4-4.lvl,$gr4-5.lvl,$gr4-6.lvl,$gr4-7.lvl,$gr4-8.lvl,..,$gr4-9.lvl,$gr4-10x.lvl,,,,,,,,,,,,,,,,,,,,,,,,,,,,,,,,,,,,,,,..,,,,,xs-6.lvl,,qu-1.lvl,qu-2.lvl,qu-3.lvl,gb-1.lvl,gb-2.lvl,gb-3.lvl,gb-4.lvl,gb-5.lvl,gb-6.lvl,gb-7.lvl,gb-8.lvl,gb-9.lvl,gb-10.lvl,gb-11.lvl,gb-12.lvl,gb-13.lvl,gb-14.lvl,gb-15.lvl,gb-16.lvl,gb-17.lvl,gb-18.lvl,gb-19.lvl,gb-20.lvl,gb-21.lvl,,,,,,,,,,,,,,,,,,,,,a-20.lvl,,,,,,,,,$i5-4.lvl,ix0-2.lvl,i3-6.lvl,i3-5.lvl,i3-4.lvl,,,i5-2.lvl,i5-1.lvl,,,..,c4b-1.lvl,c4b-2.lvl,c4b-3.lvl,c4b-4.lvl,c4b-5.lvl,c4b-6.lvl,c4b-7.lvl,c4b-8.lvl,c4b-9.lvl,c4b-10.lvl,,10x-8.lvl,10x-7.lvl,,,,,g5-1.lvl,g5-2.lvl,g5-3.lvl,g5-4.lvl,g5-5.lvl,g5-6.lvl,g5-7.lvl,g5-8.lvl,g5-9.lvl,g5-10.lvl,,,,,,,,,,,5ax-12.lvl,5a-13.lvl,5a-12.lvl,,,,,,,,,,,,,,,,,,..,,,,,,,,,,,,,,,,,,,,,,,,,,,,,,,,,,,,,,,,,,,,,,,,,,,,,,,,,,,,,,,,,,,,,,
$gr1-1.lvl,$gr1-2.lvl,$gr1-3.lvl,$gr1-4.lvl,$gr1-5.lvl,$gr1-6.lvl,$gr1-7.lvl,$gr1-8.lvl,$gr1-9.lvl,$gr1-10x.lvl,$gr2-1x.lvl,$gr2-2.lvl,$gr2-3.lvl,$gr2-4.lvl,$gr2-5.lvl,$gr2-6.lvl,$gr2-7.lvl,$gr2-8.lvl,$gr2-9.lvl,$gr2-10x.lvl,$gr3-1x.lvl,$gr3-2.lvl,$gr3-3.lvl,$gr3-4.lvl,$gr3-5.lvl,$gr3-6.lvl,$gr3-7.lvl,$gr3-8.lvl,$gr3-9.lvl,$gr3-10x.lvl,,,,,,,,,,,,,,,,,,,,,..,0-top.lvl,,,,,..,,$gr5-1x.lvl,$gr5-2.lvl,$gr5-3.lvl,$gr5-4.lvl,$gr5-5.lvl,$gr5-6.lvl,$gr5-7.lvl,$gr5-8.lvl,$gr5-9.lvl,$gr5-10x.lvl,,,,,,,,,,,,,,,,,,,,,,,,,,,,,,..,,,,,..,,,,..,..,..,..,..,..,..,..,..,..,..,..,..,..,..,..,..,..,..,..,..,..,..,..,,,,,,,,,,,,,,,,,,,a-19.lvl,ax-1.lvl,,,,,,,,$i5-3.lvl,ix0-1.lvl,i3-1.lvl,i3-2.lvl,i3-3.lvl,,,$i4-5.lvl,$i4-6x.lvl,,,..,c4c-1.lvl,c4c-2.lvl,c4c-3.lvl,c4c-4.lvl,c4c-5.lvl,c4c-6.lvl,c4c-7.lvl,c4c-8.lvl,c4c-9.lvl,c4c-10.lvl,,,,,,,,..,..,..,..,..,..,..,..,..,..,..,..,..,..,..,..,..,..,..,,,..,..,,,,,,,,,,,,,,,,,..,,,,,,,,,,,,,,,,,,,,,,,,,,,,,,,,,,,,,,,,,,,,,,,,,,,,,,,,,,,,,,,,,,,,,,,
gnr1-1.lvl,gnr1-2.lvl,gnr1-3.lvl,gnr1-4.lvl,gnr1-5.lvl,gnr1-6.lvl,gnr1-7.lvl,gnr1-8.lvl,gnr1-9.lvl,gnr1-10.lvl,gnr2-1.lvl,gnr2-2.lvl,gnr2-3.lvl,gnr2-4.lvl,gnr2-5.lvl,gnr2-6.lvl,gnr2-7.lvl,gnr2-8.lvl,gnr2-9.lvl,gnr2-10.lvl,gnr3-1.lvl,gnr3-2.lvl,gnr3-3.lvl,gnr3-4.lvl,gnr3-5.lvl,gnr3-6.lvl,gnr3-7.lvl,gnr3-8.lvl,gnr3-9.lvl,gnr3-10.lvl,,,,,,,,,,,,,,,,,,,,gj-1.lvl,0-lef.lvl,,,,,,..,,,,,,,,,,$gi0-1x.lvl,$gi0-1x.lvl,$gi0-1x.lvl,$gi0-2.lvl,$gi0-3.lvl,$gi0-4.lvl,$gi0-5.lvl,$gi0-6.lvl,$gi0-7.lvl,$gi0-8.lvl,$gi0-9.lvl,..,..,..,..,..,..,..,..,..,..,..,..,..,..,..,..,..,..,$gi0-10x.lvl,,..,,,,xsx-1.lvl,xs-5.lvl,,,,,..,..,..,..,..,..,..,..,,,gbx-1.lvl,,,,,,,,,,,,,,,,,,,,,,,,,,,,,,,a-18.lvl,a-17.lvl,,,,,,,,$i5-2.lvl,i5b-1.lvl,i2-7.lvl,i2-6.lvl,i2-5.lvl,,,$i4-4.lvl,$i4-3.lvl,,,..,c5a-1.lvl,c5a-2.lvl,c5a-3.lvl,c5a-4.lvl,c5a-5.lvl,c5a-6.lvl,c5a-7.lvl,c5a-8.lvl,c5a-9.lvl,c5a-10.lvl,,10x-3.lvl,,,,,,..,..,..,..,..,..,..,..,..,..,..,..,..,..,..,..,..,..,..,,,5a-14.lvl,5a-11.lvl,5a-10.lvl,,,,,,,,,,,,,,,6a-14.lvl,6a-15.lvl,6a-16.lvl,7a-1.lvl,7a-2.lvl,7a-3.lvl,7a-4.lvl,7a-5.lvl,..,..,..,..,..,..,..,7a-6.lvl,,,,,,,,,,,,,,,,,,,,,,,,,,,,,,,,,,,,,,,,,,,,,,,,,,,,,,,,,
gn2-10.lvl,,,,,,,,,$gn2-10x.lvl,$gbt-1x.lvl,$gbt-2.lvl,$gbt-3.lvl,$gbt-4.lvl,$gbt-5.lvl,$gbt-6.lvl,$gbt-7.lvl,$gbt-8.lvl,$gbt-9.lvl,$gbt-10x.lvl,$gn7-1x.lvl,$gn7-2.lvl,$gn7-3.lvl,$gn7-4.lvl,$gn7-5.lvl,$gn7-6.lvl,$gn7-7.lvl,$gn7-8.lvl,$gn7-9.lvl,$gn7-10x.lvl,$g6c-1x.lvl,$g6c-2.lvl,$g6c-3.lvl,$g6c-4.lvl,$g6c-5.lvl,$g6c-6.lvl,$g6c-7.lvl,$g6c-8.lvl,$g6c-9.lvl,$g6c-10x.lvl,$g7c-1x.lvl,$g7c-2.lvl,$g7c-3.lvl,$g7c-4.lvl,$g7c-5.lvl,$g7c-6.lvl,$g7c-7.lvl,$g7c-8.lvl,$g7c-9.lvl,$g7c-10x.lvl,0-lef.lvl,,,,,,..,,,,,,,,,,,,,,,,,,,,,,,,,,,,,,$g6-10x.lvl,$g6-9.lvl,$g6-8.lvl,$g6-7.lvl,$g6-6.lvl,$g6-5.lvl,$g6-4.lvl,$g6-3.lvl,$g6-2.lvl,$g6-1x.lvl,,..,,xs-1.lvl,xs-2.lvl,xs-3.lvl,xs-4.lvl,,..,..,..,..,..,..,..,..,..,..,..,,,gr3-1.lvl,gr3-2.lvl,gr3-3.lvl,gr3-4.lvl,gr3-5.lvl,gr3-6.lvl,gr3-7.lvl,gr3-8.lvl,gr3-9.lvl,gr3-10.lvl,,,,,,,,,,,,,,,,,,,,,,,a-16.lvl,a-15.lvl,a-14.lvl,a-13.lvl,,,,,,i2-1.lvl,i2-2.lvl,i2-3.lvl,i2-4.lvl,,,$i4-1x.lvl,$i4-2.lvl,,,..,c5b-1.lvl,c5b-2.lvl,c5b-3.lvl,c5b-4.lvl,c5b-5.lvl,c5b-6.lvl,c5b-7.lvl,c5b-8.lvl,c5b-9.lvl,c5b-10.lvl,,10x-4.lvl,,,,,,g0-1.lvl,g0-2.lvl,g0-3.lvl,g0-4.lvl,g0-5.lvl,g0-6.lvl,g0-7.lvl,g0-8.lvl,g0-9.lvl,g0-10.lvl,,,,,,,,,,,,,,..,5ax-8.lvl,,,,,,,,,,,,,,,,,,,,,,,,,,,,,,..,,,,,,,,,,,,,,,,,,,,,,,,,,,,,,,,,,,,,,,,,,,,,,,,,,,,,,,,
gn2-9.lvl,,,,,,,,,$gn2-9.lvl,$g6b-1x.lvl,$g6b-2.lvl,$g6b-3.lvl,$g6b-4.lvl,$g6b-5.lvl,$g6b-6.lvl,$g6b-7.lvl,$g6b-8.lvl,$g6b-9.lvl,$g6b-10x.lvl,$g7b-1x.lvl,$g7b-2.lvl,$g7b-3.lvl,$g7b-4.lvl,$g7b-5.lvl,$g7b-6.lvl,$g7b-7.lvl,$g7b-8.lvl,$g7b-9.lvl,$g7b-10x.lvl,gj-2.lvl,,,,,,,,,,,,,,,,,,,,0-lef.lvl,,,,,,..,,,,,,,,,,,,,,,,,,,,,,,,,,,$g6d-6.lvl,$g6d-5.lvl,$g6d-2.lvl,$g6d-1x.lvl,,,,,,,,,,,..,,ex-15.lvl,r4b-14.lvl,r4b-15.lvl,,,..,..,..,..,..,..,..,..,..,..,..,,,gr4-1.lvl,gr4-2.lvl,gr4-3.lvl,gr4-4.lvl,gr4-5.lvl,gr4-6.lvl,gr4-7.lvl,gr4-8.lvl,gr4-9.lvl,gr4-10.lvl,gr2-1.lvl,gr2-2.lvl,gr2-3.lvl,gr2-4.lvl,gr2-5.lvl,gr2-6.lvl,gr2-7.lvl,gr2-8.lvl,gr2-9.lvl,gr2-10.lvl,,,,,,,,,,,,,,,,a-12.lvl,,,,,,i1-8.lvl,i1-7.lvl,i1-6.lvl,i1-5.lvl,,,$i3-6x.lvl,$i3-5.lvl,$i3-4.lvl,,..,c5c-1.lvl,c5c-2.lvl,c5c-3.lvl,c5c-4.lvl,c5c-5.lvl,c5c-6.lvl,c5c-7.lvl,c5c-8.lvl,c5c-9.lvl,c5c-10.lvl,,,,,,,,,,,,,,,,,,,,,,,,,,,,5ax-1.lvl,5a-5.lvl,5a-5x.lvl,5a-6.lvl,5a-9.lvl,5ax-9.lvl,,,,,,,,,,,,,,,,,,,,,,,,,,,,,,..,,,,,,,,,,,,,,,,,,,,,,,,,,,,,,,,,,,,,,,,,,,,,,,,,,,,,,,
gn2-8.lvl,,,,,,,,,$gn2-8.lvl,$g6a-1x.lvl,$g6a-2.lvl,$g6a-3.lvl,$g6a-4.lvl,$g6a-5.lvl,$g6a-6.lvl,$g6a-7.lvl,$g6a-8.lvl,$g6a-9.lvl,$g6a-10x.lvl,$g7a-1x.lvl,$g7a-2.lvl,$g7a-3.lvl,$g7a-4.lvl,$g7a-5.lvl,$g7a-6.lvl,$g7a-7.lvl,$g7a-8.lvl,$g7a-9.lvl,$g7a-10x.lvl,gj-3.lvl,,,,,,,,,$gn10-1x.lvl,$gn10-2.lvl,$gn10-3.lvl,$gn10-4.lvl,$gn10-5.lvl,$gn10-6.lvl,$gn10-7.lvl,$gn10-8.lvl,$gn10-9.lvl,$gn10-10x.lvl,gj-4.lvl,0-lef.lvl,,,,,,..,,,,,,,,,,,,,,,,,,,,,,,,$g6d-10x.lvl,$g6d-9.lvl,$g6d-8.lvl,$g6d-7.lvl,$g6d-4.lvl,$g6d-3.lvl,,,,,,,,,,,,..,,ex-14.lvl,r4b-13.lvl,,,,..,..,..,..,..,..,..,..,..,..,..,,,gr5-1.lvl,gr5-2.lvl,gr5-3.lvl,gr5-4.lvl,gr5-5.lvl,gr5-6.lvl,gr5-7.lvl,gr5-8.lvl,gr5-9.lvl,gr5-10.lvl,g7-10.lvl,g7-9.lvl,g7-8.lvl,g7-7.lvl,g7-6.lvl,g7-5.lvl,g7-4.lvl,g7-3.lvl,g7-2.lvl,g7-1.lvl,,,,,,,,,,,,,,a-9.lvl,a-10.lvl,a-11.lvl,,,,,,i1-1.lvl,i1-2.lvl,i1-3.lvl,i1-4.lvl,,,$i3-1x.lvl,$i3-2.lvl,$i3-3.lvl,,..,c9-0.lvl,c9-1.lvl,c9-2.lvl,c9-3.lvl,c9-4.lvl,c9-5.lvl,c9-6.lvl,c9-7.lvl,c9-8.lvl,c9-9.lvl,,,,,,,,,,,,,,,,,,,,,,,,,,,,,..,5ax-6.lvl,..,..,5ax-7.lvl,5ax-14.lvl,,,,,,,,5b-18.lvl,,,,,,,,,,,,,,,,,,,,,,..,,,,,,,,,,,,,,,,,,,,,,,,,,,,,,,,,,,,,,,,,,,,,,,,,,,,,,
gn2-7.lvl,,,,,,,,,$gn2-7.lvl,$gn3-1x.lvl,$gn3-2.lvl,$gn3-3.lvl,$gn3-4.lvl,$gn3-5.lvl,$gn3-6.lvl,$gn3-7.lvl,$gn3-8.lvl,$gn3-9.lvl,$gn3-10x.lvl,$gn9-1x.lvl,$gn9-2.lvl,$gn9-3.lvl,$gn9-4.lvl,$gn9-5.lvl,$gn9-6.lvl,$gn9-7.lvl,$gn9-8.lvl,$gn9-9.lvl,$gn9-10x.lvl,$gn8-1x.lvl,$gn8-2.lvl,$gn8-3.lvl,$gn8-4.lvl,$gn8-5.lvl,$gn8-6.lvl,$gn8-7.lvl,$gn8-8.lvl,$gn8-9.lvl,$gn8-10x.lvl,,,,,,,,,,,0-lef.lvl,,,,,,..,,,,,,,,,,,,,,,,,,,,,,,,g99-1x.lvl,g99-2x.lvl,g99-3x.lvl,g99-4x.lvl,g99-5x.lvl,g99-6x.lvl,g99-7x.lvl,g99-8x.lvl,g99-9.lvl,g99-10.lvl,g99-11.lvl,g99-12.lvl,g99-13.lvl,g99-14.lvl,g99-15.lvl,g99-16.lvl,g99-17.lvl,..,g99-18.lvl,..,..,g99-19.lvl,,,,,,,,,,..,..,..,..,,,g4a-1.lvl,g4a-2.lvl,g4a-3.lvl,g4a-4.lvl,g4a-5.lvl,g4a-6.lvl,g4a-7.lvl,g4a-8.lvl,g4a-9.lvl,g4a-10.lvl,,,,,,,,,,,,,,,,,,,,a-5.lvl,a-6.lvl,a-7.lvl,a-8.lvl,1bx-1.lvl,,,,,,,,,,,,,,$i2-7x.lvl,$i2-6.lvl,$i2-5.lvl,,..,g9-0.lvl,g9-1.lvl,g9-2.lvl,g9-3.lvl,g9-4.lvl,g9-5.lvl,g9-6.lvl,g9-7.lvl,g9-8.lvl,g9-9.lvl,,,,,,,,,,,,,,,,,,,,,,,,,,,5a-1.lvl,5a-2.lvl,5a-3.lvl,5a-4.lvl,5a-7.lvl,5a-8.lvl,5ax-5.lvl,,,,,,,,,..,,,,,,,,,,,,,,,,,,,,,,,..,,,,,,,,,,,,,,,,,,,,5x-3.lvl,5x-0z.lvl,,,,,,,,,,,,,,,,,,,,,,,,,,,,,,,,
gn2-6.lvl,,,,,,,,,$gn2-6.lvl,$gn4-1x.lvl,$gn4-2.lvl,$gn4-3.lvl,$gn4-4.lvl,$gn4-5.lvl,$gn4-6.lvl,$gn4-7.lvl,$gn4-8.lvl,$gn4-9.lvl,$gn4-10x.lvl,$gn5-1x.lvl,$gn5-2.lvl,$gn5-3.lvl,$gn5-4.lvl,$gn5-5.lvl,$gn5-6.lvl,$gn5-7.lvl,$gn5-8.lvl,$gn5-9.lvl,$gn5-10x.lvl,$gn6-1x.lvl,$gn6-2.lvl,$gn6-3.lvl,$gn6-4.lvl,$gn6-5.lvl,$gn6-6.lvl,$gn6-7.lvl,$gn6-8.lvl,$gn6-9.lvl,$gn6-10x.lvl,$gn11-1.lvl,$gn11-2.lvl,$gn11-3.lvl,$gn11-4.lvl,$gn11-5.lvl,$gn11-6.lvl,$gn11-7.lvl,$gn11-8.lvl,$gn11-9.lvl,gn11-10.lvl,0-lef.lvl,,,,,,..,,,,,,,,,,,,,,,,,,,,,,,,,,,,,,,,,,,,,,,,exx-1.lvl,..,..,ex-13.lvl,r4b-12.lvl,g99-20.lvl,g99-21.lvl,g99-22.lvl,g99-23.lvl,g99-24.lvl,g99-25.lvl,g99-26.lvl,g99-27.lvl,g99-28.lvl,g99-29.lvl,,,,,,,g5a-1.lvl,g5a-2.lvl,g5a-3.lvl,g5a-4.lvl,g5a-5.lvl,g5a-6.lvl,g5a-7.lvl,g5a-8.lvl,g5a-9.lvl,g5a-10.lvl,,,,,,,,,,,,,,,,,,,,a-4.lvl,a-3.lvl,a-2.lvl,,..,,,,,,,,,,,,,$i2-1x.lvl,$i2-2.lvl,$i2-3.lvl,$i2-4.lvl,,..,,,,,,,,,,,,,,,15x-2.lvl,15x-1.lvl,,,,,,,,,,,,,,,,,,,,,4a-16.lvl,4a-15.lvl,cwarp-4.lvl,,5ax-2.lvl,5ax-3.lvl,5ax-4.lvl,,,,,5b-12.lvl,5b-11.lvl,5b-13.lvl,5b-15.lvl,5b-16.lvl,5b-17.lvl,,5bxu-13.lvl,,,,,,,,,,,,,,,,,,,,,..,,,,,7ax-4.lvl,,,,0-bot.lvl,0-bot.lvl,0-bot.lvl,,,,,,,0-unf.lvl,,..,..,,,,,,,,,,,,,,,,,,,,,,,,,,,,,,,
gn2-5.lvl,,,,,,,,,$gn2-5.lvl,0-top.lvl,0-top.lvl,0-top.lvl,0-top.lvl,0-top.lvl,0-top.lvl,0-top.lvl,0-top.lvl,0-top.lvl,0-top.lvl,0-top.lvl,0-top.lvl,0-top.lvl,0-top.lvl,0-top.lvl,0-top.lvl,0-top.lvl,0-top.lvl,0-top.lvl,0-top.lvl,0-top.lvl,0-top.lvl,0-top.lvl,0-top.lvl,0-top.lvl,0-top.lvl,0-top.lvl,0-top.lvl,0-top.lvl,0-top.lvl,0-top.lvl,0-top.lvl,0-top.lvl,0-top.lvl,0-top.lvl,0-top.lvl,0-top.lvl,0-top.lvl,0-top.lvl,0-0.ñlvl,0-lef.lvl,,,,,,..,,,,,,,,,,,,,,,,,,,,,,,,,,,,,,,,,,,,,,,,exx-2.lvl,..,ex-11.lvl,ex-12.lvl,r4b-11.lvl,,,,,,,,,g99-31.lvl,g99-30.lvl,,i0-1.lvl,i0-2x.lvl,i0-3x.lvl,i0-4x.lvl,i0-5x.lvl,i0-6x.lvl,i0-7x.lvl,i0-8x.lvl,i0-9x.lvl,i0-10x.lvl,,,,,,,,,,,,,,,,,,,,,,,,1b-8.lvl,1b-9.lvl,1b-11.lvl,..,..,1b-12.lvl,1b-13.lvl,1b-14.lvl,1b-16.lvl,1b-17.lvl,1b-18.lvl,,,,,,,,$i1-8x.lvl,$i1-7.lvl,$i1-6.lvl,$i1-5.lvl,,..,,,,,,,,,,,,,,15x-6.lvl,15x-5.lvl,,,,,,,,,,,,,,,,,,,,,,4a-13.lvl,4a-14.lvl,,,,,,,,,,..,..,,,..,,,5bxu-12.lvl,,,,,,,,,,,,,,,,,,,,,,..,,,7ax-3.lvl,8hid-0.lvl,8hid-1.lvl,8hid-2.lvl,8hid-3.lvl,8hid-4.lvl,0-1.lvl,,,,,,,,,,5x-0y.lvl,,5-1.lvl,,,,,,,,,,,,,,,,,,,,,,,,,,,,,,
gn2-4.lvl,,,,,,,,,$gn2-4.lvl,$ix1-1y.lvl,$ix1-2.lvl,$ix1-3.lvl,$ix1-4.lvl,$ix1-5x.lvl,$ix1-1.lvl,$ix1-2.lvl,$ix1-3.lvl,$ix1-4.lvl,$ix1-5x.lvl,,,,,,,,,,,,,,,,,,,,,,,,,,,,,,,,,,,,,..,,,,,,,,,,,,,,,,,,,,,,,,,,,,,,,,,,,,,,,,ex-9.lvl,..,ex-10.lvl,,r4b-10.lvl,r4b-9.lvl,r4b-8.lvl,r4b-7.lvl,,,,,,g99-32.lvl,g99-33.lvl,g99-34.lvl,i0-0.lvl,,i0-x.lvl,,,g6-10.lvl,g6-9.lvl,g6-8.lvl,g6-7.lvl,g6-6.lvl,g6-5.lvl,g6-4.lvl,g6-3.lvl,g6-2.lvl,g6-1.lvl,,,,,,,,,,,,,,,,,,,1b-7.lvl,,1xu-5a.lvl,a-1.lvl,,,,,,,1bx-2.lvl,,,,,,,,$i1-1.lvl,$i1-2.lvl,$i1-3.lvl,$i1-4.lvl,,..,,,,,,,,,,,,,,15x-7.lvl,,,,,,,,,,,,,,,,,,,4ax-8.lvl,4ax-7.lvl,4ax-6.lvl,4a-11.lvl,4a-12.lvl,4ax-9.lvl,,,,,,,,,,5b-14.lvl,5b-10.lvl,,,5b-19.lvl,,,5bxu-11.lvl,,,but-0.lvl,but-1.lvl,but-2.lvl,but-3.lvl,but-4.lvl,but-5.lvl,but-6.lvl,but-7.lvl,but-8.lvl,but-8x.lvl,but-9.lvl,but-10.lvl,but-11.lvl,but2-1.lvl,but2-2.lvl,but2-3.lvl,but2-4.lvl,but2-5.lvl,but2b-6.lvl,but3-7.lvl,..,,7ax-2.lvl,,,,,0-top.lvl,0-top.lvl,0-top.lvl,,,,,,,,,,..,5x-3.lvl,5-2.lvl,,,,,,,,,,,,5x-2.lvl,,,,,,,,,,,,,,,dud3xu-9.lvl,,
gn2-3.lvl,,,,,,,,,$gn2-3.lvl,$ix2-5x.lvl,$ix2-4.lvl,$ix2-3.lvl,$ix2-2.lvl,$ix2-1x.lvl,$ix2-5x.lvl,$ix2-4.lvl,$ix2-3.lvl,$ix2-2.lvl,$ix2-1x.lvl,,,,,,,,,,,,,,,,,,,,,,,,,,,,,,,,,,,,,..,,,,,,,,,,,,r1x-7.lvl,..,..,..,..,r1x-8.lvl,,,,,,r2x-4.lvl,r2x-3.lvl,,,,,,,,,,ex-2.lvl,ex-3.lvl,ex-4.lvl,ex-5.lvl,ex-6.lvl,ex-7.lvl,ex-8.lvl,..,,,,,,r4b-6.lvl,,,,,,,,,,,,,,,,,g6d-6.lvl,g6d-5.lvl,g6d-2.lvl,g6d-1.lvl,,,,,,,,,,,,,,,,,,,,,,1b-6.lvl,1xu-6a.lvlñ,1xu-4.lvl,,,,,,,,1bx-3.lvl,,,,,,,,,,,,,..,,,,,,,,,,,,,,15x-8.lvl,,,,,,,,,,,,,,,,,,4ax-4.lvl,4ax-3.lvl,4ax-5.lvl,4a-9.lvl,4a-10.lvl,,,,,,,,,,5bxu-2.lvl,5bxu-1.lvl,..,..,5bxu-6.lvl,5bxu-7.lvl,..,,5bxu-8.lvl,5bxu-9.lvl,5bxu-10.lvl,but-0x.lvl,,,,butx-1.lvl,,butx-3.lvl,butx-4.lvl,butx-5.lvl,,,,,,,,,,,,but2b-7.lvlñ,,7a-7.lvl,7a-8.lvl,7a-9.lvl,7a-10.lvl,7a-10x.lvl,7a-11x.lvl,7a-11.lvl,7a-12x.lvl,7a-12.lvl,7a-13.lvl,7a-14.lvl,7a-15.lvl,..,..,..,..,..,..,7a-20.lvl,..,..,5-3.lvl,,,5x-4.lvl,,,,,,,,5x-1.lvl,,,,,,,,,,,,,,,dud3xu-8.lvl,,
gn2-2.lvl,,,,,,,,,$gn2-2.lvl,$ix3-1x.lvl,$ix3-2.lvl,$ix3-3.lvl,$ix3-4.lvl,$ix3-5x.lvl,$ix3-1x.lvl,$ix3-2.lvl,$ix3-3.lvl,$ix3-4.lvl,$ix3-5x.lvl,,,,,,,,,,,,,,,,,,,,,,,,,,,,,,,,,,,,,..,,,,,,,,,,,,r1x-5.lvl,,,,,..,,,,,,,r2x-2.lvl,,,,,,,,,,ex-1.lvl,,,r2x-5.lvl,r2x-6.lvl,r2x-7.lvl,,r4b-1.lvl,r4b-2.lvl,..,..,..,..,r4b-3.lvl,r4b-4.lvl,r4b-5.lvl,,,,,,,,,,r3x-1.lvl,,g6d-10.lvl,g6d-9.lvl,g6d-8.lvl,g6d-7.lvl,g6d-4.lvl,g6d-3.lvl,,,,,,,,,,,,,cwarp-1.lvl,1-0.lvl,1-2b.lvl,1-3b.lvl,1b-1.lvl,1b-2x.lvl,1b-2.lvl,1b-3.lvl,1b-4.lvl,1b-4x.lvl,1b-5.lvl,,1xu-3.lvl,,,,,,,,1bx-4.lvl,,,,,,,,,,,2xu-9.lvl,2xu-8.lvl,,..,..,..,..,..,..,..,..,..,..,..,..,,15x-3.lvl,15x-4.lvl,,,,,,,,,,,,,4ax-1.lvl,4a-2.lvl,4a-3.lvl,4a-4.lvl,4a-5.lvl,4a-6.lvl,4a-7.lvl,4a-8.lvl,,,,,,,,,5bxu-5.lvl,5bxu-4.lvl,5bxu-3.lvl,5b-4.lvl,5b-5.lvl,5b-6.lvl,,,5b-20.lvl,5b-21.lvl,5b-22.lvl,5b-23.lvl,cwarp-7.lvl,,,,,butx-2.lvl,,,,butx-6.lvl,,,,,,,,,,,,,,,,,,,7ax-5.lvl,7ax-1.lvl,,7b-11.lvl,7b-12.lvl,7b-13.lvl,7b-14.lvl,7b-15.lvl,..,..,..,..,7b-20.lvl,j-1hub.lvl,5x-0.lvl,5x-0x.lvl,,5-4.lvl,5-5.lvl,5-6.lvl,5-7.lvl,5-8.lvl,5-9.lvl,5-10.lvl,5-11.lvl,5-12.lvl,5-13.lvl,5-14.lvl,5-15.lvl,5-16.lvl,5-17.lvl,5-18.lvl,5-19.lvl,5-20.lvl,,,dud3xu-6.lvl,dud3xu-5.lvl,,,dud3xu-7.lvl,,dud3-11.lvl,dud3-12.lvl,9xd-0x.lvl
gn2-1.lvl,,,,,,,,,$gn2-1x.lvl,,,,,,$ix4-5.lvl,$ix4-4.lvl,$ix4-3.lvl,$ix4-2.lvl,$ix4-1x.lvl,$ix4-5.lvl,$ix4-4.lvl,$ix4-3.lvl,$ix4-2.lvl,,,,,,,,,,,,,,,,,,,,,,,,,,,,,,,,o-2.lvl,..,o-3.lvl,o-4.lvl,o-5.lvl,o-6.lvl,t-11.lvl,,,,,,,r1x-4.lvl,,,,r1x-6.lvl,..,,,,,,,r2x-1.lvl,,,,,,,,,,hub-3.lvl,..,..,..,..,..,..,..,..,..,..,..,..,..,..,..,..,..,..,..,..,..,..,..,..,..,..,hub-2.lvl,hub-1x.lvl,hub-2x.lvl,,r4x-1.lvl,,,,,,,,,,,,,,,..,,,,,,,1xu-1.lvl,,,,1xu-2.lvl,1xu-5.lvl,,,1xu-6.lvl,1xu-7.lvl,,,1bx-5.lvl,,,,2xu-1.lvl,cwarp-2.lvl,,,,2xu-2.lvl,2xu-7.lvl,..,2xu-3.lvl,0-bot.lvl,,,,2xu-4.lvl,2xu-5.lvl,2xu-6.lvl,,,,3xu-2.lvl,3xu-1.lvl,,,,,,3xu-3.lvl,,,,,,,3xu-4.lvl,,,3xu-5.lvl,3xu-6.lvl,4a-1.lvl,,4ax-2.lvl,4d-1x.lvl,,4bx-2.lvl,,,,,,,,,,..,,,..,..,..,,,5bxd-4.lvl,5bxd-5.lvl,5bxd-7.lvl,..,5bxd-8.lvl,,,,,,,,6bx-3.lvl,6bx-4.lvl,,,,,,,,,,,,,,,,,,,,,,..,7bx-4.lvl,,,,,,,,,..,,0-rig.lvl,,,,but3-8.lvl,,,,,,,,,,,dud3xu-4.lvl,dud3xu-2.lvl,..,dud3-1.lvl,dud3-2.lvl,dud3-3.lvl,dud3-4.lvl,dud3-5.lvl,dud3-6.lvl,dud3-7.lvl,dud3-8.lvl,dud3-9.lvl,dud3-10.lvl,..,
,,,,,,,,,..,,,,,,,,,,$ix5-1x.lvl,$ix5-2.lvl,$ix5-3.lvl,$ix5-4.lvl,$ix5-5x.lvl,$ix5-1x.lvl,$ix5-2.lvl,$ix5-3.lvl,$ix5-4.lvl,..,$ix5-5x.lvl,,,,,,,,,,,,,,,,,,,,,,,,t-9.lvl,t-10.lvl,o-1.lvl,..,r1-1.lvl,r1-2.lvl,r1-3.lvl,r1-4.lvl,r1-5.lvl,r1-6.lvl,r1-7.lvl,r1-8.lvl,r1-9.lvl,r1-10.lvl,r1-11.lvl,r1-12.lvl,r1-13.lvl,r1-14.lvl,r1-15.lvl,r1-16.lvl,r1-17.lvl,r1-18.lvl,r1-19.lvl,r1-20.lvl,r2-1.lvl,r2-2.lvl,r2-3.lvl,r2-4.lvl,r2-5.lvl,r2-6.lvl,r2-7.lvl,r2-8.lvl,r2-9.lvl,r2-10.lvl,r2-11.lvl,r2-12.lvl,r2-13.lvl,r2-14.lvl,r2-15.lvl,r2-16.lvl,r2-17.lvl,r2-18.lvl,r2-19.lvl,r2-20.lvl,r3-1.lvl,r3-2.lvl,r3-3.lvl,r3-4.lvl,r3-5.lvl,r3-6.lvl,r3-7.lvl,r3-8.lvl,r3-9.lvl,r3-10.lvl,r3-11.lvl,r3-12.lvl,r3-13.lvl,r3-14.lvl,r3-15.lvl,r3-16.lvl,r3-17.lvl,r3-18.lvl,r3-19.lvl,r3-20.lvl,hub-1.lvl,r4-1.lvl,r4-2.lvl,r4-3.lvl,r4-4.lvl,r4-5.lvl,r4-6.lvl,r4-7.lvl,r4-8.lvl,r4-9.lvl,r4-10.lvl,r4-11.lvl,r4-12.lvl,ad-1.lvl,,,,,,1-1.lvl,1-2.lvl,1-3.lvl,1-4.lvl,1-5.lvl,1-6.lvl,1-7.lvl,1-8.lvl,1-9.lvl,1-10.lvl,1-11.lvl,1-12.lvl,1-13.lvl,1-14.lvl,1-15.lvl,1-16.lvl,1-17.lvl,1-18.lvl,1-19.lvl,1-20.lvl,2-0.lvl,2-1.lvl,2-2.lvl,2-3.lvl,2-4.lvl,2-5.lvl,2-6.lvl,2-7.lvl,2-8.lvl,2-9.lvl,2-10.lvl,2-11.lvl,2-12.lvl,2-13.lvl,2-14.lvl,2-15.lvl,2-16.lvl,2-17.lvl,2-18.lvl,2-19.lvl,3-1.lvl,3-2.lvl,3-3.lvl,3-4.lvl,3-5.lvl,3-6.lvl,3-7.lvl,3-8.lvl,3-9.lvl,3-10.lvl,3-11.lvl,3-12.lvl,3-13.lvl,3-14.lvl,3-15.lvl,3-16.lvl,3-17.lvl,3-18.lvl,3-19.lvl,..,3-20.lvl,4-1hub.lvl,4b-1.lvl,4b-2.lvl,4b-3.lvl,4b-4.lvl,4b-5.lvl,4b-6.lvl,4b-7.lvl,4b-8.lvl,4b-9.lvl,4b-10.lvl,4b-11.lvl,4b-12.lvl,4b-13.lvl,4b-14.lvl,4b-15.lvl,5b-1.lvl,5b-2.lvl,5b-3.lvl,5b-7.lvl,5b-8.lvl,5b-9.lvl,5bxd-1.lvl,5bxd-2.lvl,5bxd-6.lvl,..,6b-1.lvl,6b-2.lvl,6b-3.lvl,6b-4.lvl,6b-5.lvl,6b-6.lvl,6b-7.lvl,6b-8.lvl,6b-9.lvl,6b-9x.lvl,6b-10.lvl,6b-11.lvl,6b-12.lvl,6b-13.lvl,6b-14.lvl,6b-15.lvl,6b-16.lvl,6b-17.lvl,6b-18.lvl,6b-19.lvl,6b-20.lvl,6b-21.lvl,6b-22.lvl,6b-23.lvl,6b-23x.lvl,,,7bx-1.lvl,,add more,levels,,..,,,,,,,,,,..,,0-rig.lvl,,,5-21.lvl,5-22.lvl,5-24.lvl,..,..,..,..,..,..,..,..,..,..,5-23.lvl,..,8-14.lvl,,..,..,0-lef.lvl,dud3x-4.lvl,,,,..,,
$gn1-1x.lvl,$gn1-2.lvl,$gn1-3.lvl,$gn1-4.lvl,$gn1-5.lvl,$gn1-6.lvl,$gn1-7.lvl,$gn1-8.lvl,$gn1-9.lvl,$gn1-10x.lvl,ix6-5x.lvl,ix6-4x.lvl,ix6-3x.lvl,ix6-2x.lvl,$ix6-1x.lvl,ix6-5x.lvl,ix6-4x.lvl,ix6-3x.lvl,ix6-2x.lvl,ix6-1x.lvl,ix6-5.lvl,ix6-4.lvl,ix6-3.lvl,ix6-2.lvl,$ix6-1.lvl,ix6-5.lvl,ix6-4.lvl,ix6-3.lvl,ix6-2.lvl,ix6-1.lvl,ix6-5.lvl,0-lef.lvl,,,,,,,,,,,,,,,,,,,,,,,t-8.lvl,,..,..,,,r1x-1.lvl,r1x-2.lvl,,,,,,,,,,,,,,,,,,,,,..,,,,,,,,,,,,,,,..,,,,,,,,,,,,,,,,,,,,6d-1.lvl,,,,,,,,1bd-8.lvl,1bd-9.lvl,1bd-10.lvl,1bd-11.lvl,..,1bd-12.lvl,1bd-13.lvl,1bd-14.lvl,1bd-15.lvl,1bd-16.lvl,1bd-17.lvl,1bd-18.lvl,,1xd-1.lvl,,,1xd-3.lvl,,,,,,,1xd-4.lvl,1xd-5.lvl,,,,,,,2-0b.lvl,2xd-1.lvl,,,,2xd-2.lvl,,,,,,,,2xd-4.lvl,,,,,2xd-5.lvl,,,,3xd-1.lvl,,,,3xd-3.lvl,,,,,3xd-6.lvl,,3xd-7.lvl,3xd-8.lvl,3xd-9.lvl,,,,,,4c-1.lvl,,4bx-1.lvl,4e-1x.lvl,,,,,,4bx-3.lvl,4bx-6.lvl,4bx-5.lvl,4bx-4.lvl,,,4bx-7.lvl,cwarp-6.lvl,,,,,,5bxd-3.lvl,m-4a.lvl,m-4.lvl,..,,5cx-11.lvl,,,,,6bx-1.lvl,,,,,,,,,,,,,,,,,,7b-1.lvl,,,7b-5.lvl,7b-6.lvl,7b-7.lvl,7b-8.lvl,7b-9.lvl,7b-10.lvl,,,,,,,,,,..,,0-rig.lvl,,,..,..,..,..,..,..,..,..,..,..,..,..,..,..,..,..,..,..,,0-lef.lvl,,,,..,,,
,,,,,,,,,,$ix0-5x.lvl,$ix7-1x.lvl,$ix7-2.lvl,$ix7-3.lvl,$ix7-4.lvl,$ix7-5.lvl,,,,,ix6-5x.lvl,0-top.lvl,0-top.lvl,0-top.lvl,0-top.lvl,0-top.lvl,0-top.lvl,0-top.lvl,0-top.lvl,0-top.lvl,0-top.lvl,0-lef.lvl,,,,,,,,,,,,,,,,,,,,,t-5.lvl,t-6.lvl,t-7.lvl,,..,..,hub2-0x.lvl,r1d-1.lvl,r1d-2.lvl,r1d-3.lvl,r1d-4.lvl,r1d-5.lvl,r1d-6.lvl,r1d-7.lvl,r1d-8.lvl,r1d-9.lvl,r1d-10.lvl,r1d-11.lvl,r1d-12.lvl,r1d-13.lvl,r1d-14.lvl,r1d-15.lvl,r1d-16.lvl,r1d-17.lvl,r1d-18.lvl,r1d-19.lvl,r1d-20.lvl,r1d-1x.lvl,r1d-2x.lvl,r1d-3x.lvl,r1d-4x.lvl,..,r1d-5x.lvl,r1d-6x.lvl,r1d-7x.lvl,r1d-8x.lvl,r1d-9x.lvl,r1d-10x.lvl,r1d-11x.lvl,r1d-12x.lvl,r1d-13x.lvl,r1d-14x.lvl,,,,6d-1x.lvl,6dx-1.lvl,6dx-2.lvl,,,,,,,,,,,,,,,,,,6d-2.lvl,,,,,,,,1bd-7.lvl,,,,..,,,1bdx-1.lvl,,,1bdx-2.lvl,,,1xd-2.lvl,,,,,,,,,,,1xd-6.lvl,,,,,,,2b-1.lvl,2b-2.lvl,2b-3.lvl,2b-4.lvl,2b-20.lvl,2xd-3.lvl,,,,,,,,,,,,,,,,,3xd-2.lvl,cwarp-3.lvl,,,3xd-4.lvl,,,,,,,,,,,,,,,4c-2.lvl,,,,,,,,,,,,,,,4bx-8.lvl,,,,,,,,m-5.lvl,m-3.lvl,m-1.lvl,m-2.lvl,..,,,,,6bx-2.lvl,,,,,,,,,,,,,,,,,,7b-2.lvl,7b-3.lvl,7b-4.lvl,,,,,,,,,,,,,,,,..,,0-rig.lvl,0-top.lvl,0-top.lvl,5-25.lvl,8-0.lvl,8-1.lvl,8-2.lvl,8-3.lvl,8-4.lvl,8-5.lvl,8-6.lvl,8-7.lvl,8-8.lvl,8-9.lvl,8-10.lvl,8-11.lvl,8-12.lvl,8-12x.lvl,8-13.lvl,..,8xd-2.lvl,..,0-lef.lvl,,,..,,,,
,wlspl-1.lvl,wlspl-2.lvl,wlspl-3.lvl,wlspl-5.lvl,wlspl-6.lvl,wlspl-7.lvl,wlspl-8.lvl,wlspl-9.lvl,wlspl-10.lvl,$ix0-4.lvl,$ix1-1x.lvl,$ix1-2.lvl,$ix1-3.lvl,$ix1-4.lvl,$ix1-5x.lvl,$ix1-1.lvl,$ix1-2.lvl,$ix1-3.lvl,$ix1-4.lvl,$ix1-5x.lvl,0-lef.lvl,,,,,,,,,,,,,,,,,,,,,,,,,,,,,,,t-4.lvl,t-3.lvl,t-2.lvl,t-1.lvl,..,..,hub2-5.lvl,..,..,..,..,..,..,..,..,..,..,..,..,..,..,..,..,hub2-4.lvl,7d-8t.lvl,7d-7t.lvl,7d-6t.lvl,,,,,,..,,,,,,,,,,,,,6d-23.lvl,6d-22.lvl,6d-21.lvl,6d-20.lvl,6d-19.lvl,6d-18.lvl,6d-17.lvl,6d-16.lvl,6d-15.lvl,6d-14.lvl,6d-13.lvl,6d-12.lvl,6d-11.lvl,6d-10.lvl,6d-9.lvl,6d-8.lvl,6d-7.lvl,6d-6.lvl,6d-5.lvl,6d-4.lvl,6d-3.lvl,,,,,,,,1bd-6.lvl,,,,..,,,6x-6.lvl,,,,..,,,,,,,,,,,,,,,,,,,,,2b-20.lvl,2b-20.lvl,,,,,,,,,,,,,,,,,,,,,,,,3xd-5.lvl,,,,,,,,,,,,,,,4c-3.lvl,4cx-1.lvl,,,,,,,,,,,,,,4bx-9.lvl,,,,,,,,,m-6.lvl,m-7.lvl,m-8.lvl,..,m-9.lvl,m-10.lvl,,m-16.lvl,m-15.lvl,mx-1.lvl,,,,,,,,,,,,,,,,,7bx-2.lvl,,,,,,,,,,,,,,,,,,..,,,..,..,..,..,..,..,..,..,..,..,..,..,..,..,..,..,..,..,..,0-rig.lvl,r1d-999x.lvl,0-lef.lvl,,..,,,,,
wlspl-0.lvl,but3-9.lvl,,wlspl-4.lvl,,,,,,,$ix0-3.lvl,$ix2-5x.lvl,$ix2-4.lvl,$ix2-3.lvl,$ix2-2.lvl,$ix2-1x.lvl,$ix2-5x.lvl,$ix2-4.lvl,$ix2-3.lvl,$ix2-2.lvl,$ix2-1x.lvl,,,,,,,,,,,,,,,,,,,,,,,,,,,,,,,,,,,,..,..,..,,t-help.lvl,,,,,,,,,,,,,,,,,,7d-5t.lvl,7d-4t.lvl,7d-3t.lvl,7d-2t.lvl,7d-1t.lvl,7d-14.lvl,,r2x-8.lvl,,7d-11.lvl,7d-10.lvl,7d-9.lvl,7d-8.lvl,7d-7.lvl,7d-6.lvl,7d-5.lvl,7d-4.lvl,7d-3.lvl,7d-2.lvl,7d-1.lvl,7d-1x.lvl,,,,,,,,,,,,,,,,,,,,,,1d-2b.lvl,1bd-1.lvl,1bd-2.lvl,1bd-3.lvl,1bd-4.lvl,1bd-5.lvl,,,,..,,,6x-5.lvl,6x-4.lvl,,,,..,,,,,,gwarp-2.lvl,,,,,,,,,,,,,,,,,,,,,gwarp-3.lvl,,,,,,,,,,,,,,,,,,,,,,,,,,,,,,,,4f-1x.lvl,4c-4.lvl,4cx-2.lvl,4cx-3.lvl,cwarp-8.lvl,4cx-4.lvl,4cx-5.lvl,4cx-6.lvl,,,4cx-9.lvl,,,,,,,,,,,,,,,,,,5cx-10.lvl,,m-18.lvl,m-11.lvl,m-12.lvl,,,,,,,,,,,,,,,,,6c-14.lvl,6cx-4.lvl,7bx-3.lvl,,,,,,,,,,,,,,,,,,..,,,,,,,8a-0x.lvl,8xd-3.lvl,8xd-1.lvl,,,,,,,,,,8a-7.lvl,8ax-7.lvl,,0-rig.lvl,r9d-0.lvl,0-lef.lvl,..,,,,,,
,,,,,,,,,,$ix0-2.lvl,$ix3-1x.lvl,$ix3-2.lvl,$ix3-3.lvl,$ix3-4.lvl,$ix3-5x.lvl,$ix3-1x.lvl,$ix3-2.lvl,$ix3-3.lvl,$ix3-4.lvl,$ix3-5x.lvl,,,,,,,,,,,,,,,,,,,,,,,,,,,,,,,,,,,,,..,,..,..,..,..,..,..,..,..,..,..,..,..,..,..,..,..,..,..,..,,,,,,,..,,7d-12.lvl,,,,,,,,,,,,,,,,,,,,,,,,,,,,,,,,,1d-0.lvl,,,,,6x-7.lvl,,,,,..,,6x-1.lvl,6x-2.lvl,6x-3.lvl,,6x-8.lvl,,,..,,,,,7x-7.lvl,,,,,,,,,,,,,,,,,,,,8x-7.lvl,8x-10.lvl,,,,,8x-8.lvl,,,,,,,,,,,,,,,,,,,,,,,,,,,,4c-5.lvl,4c-6.lvl,4c-7.lvl,4c-8.lvl,4c-9.lvl,4c-10.lvl,4c-11.lvl,4c-12.lvl,4c-13.lvl,4c-14.lvl,4c-15.lvl,,,5cx-1.lvl,5cx-2.lvl,,,5cx-3.lvl,5cx-4.lvl,5cx-5.lvl,,,,5cx-8.lvl,,,,5cx-9.lvl,5cx-12.lvl,mx-2.lvl,m-17.lvl,m-14.lvl,m-13.lvl,,,,6cx-1.lvl,,,,,,,,,,,..,..,,6cx-4x.lvl,,,,,,,,,,,,,,,,,,..,,,,,,,8a-0.lvl,,,,,,,,,,,,8ax-6.lvl,,,0-rig.lvl,r9d-0x.lvl,..,0-lef.lvl,,,,,,
,,,,,,,,,,$ix0-1x.lvl,,,,,,$ix4-5.lvl,$ix4-4.lvl,$ix4-3.lvl,$ix4-2.lvl,$ix4-1x.lvl,$ix4-5.lvl,$ix4-4.lvl,$ix4-3.lvl,$ix4-2.lvl,"0-bot,lvl","0-bot,lvl","0-bot,lvl","0-bot,lvl","0-bot,lvl","0-bot,lvl","0-bot,lvl",0-lef.lvl,,,,,,,,,,,,,,,,,g99-1.lvl,g99-2.lvl,,,,,,,..,..,,,,,,,,,,,,,,,,,,,,0-bot.lvl,,,,,..,,7d-13.lvl,,,,,,,,,,,,,,,,,,,,,,,,,,,,,,,,,,1d-1.lvl,1d-2.lvl,1d-3.lvl,1d-4.lvl,1d-5.lvl,1d-6.lvl,1d-7.lvl,1d-8.lvl,1d-9.lvl,1d-10.lvl,..,1d-11.lvl,1d-12.lvl,1d-13.lvl,1d-14.lvl,1d-15.lvl,1d-16.lvl,1d-17.lvl,1d-18.lvl,1d-19.lvl,1d-20.lvl,2d-0.lvl,2d-1.lvl,2d-2.lvl,2d-3.lvl,2d-4.lvl,2d-5.lvl,2d-6.lvl,2d-7.lvl,2d-8.lvl,2d-9.lvl,2d-10.lvl,2d-11.lvl,2d-12.lvl,2d-13.lvl,2d-14.lvl,2d-15.lvl,2d-16.lvl,2d-17.lvl,2d-18.lvl,2d-19.lvl,3d-1.lvl,3d-2.lvl,3d-3.lvl,3d-4.lvl,3d-5.lvl,3d-6.lvl,3d-7.lvl,3d-8.lvl,3d-9.lvl,3d-10.lvl,3d-11.lvl,3d-12.lvl,3d-13.lvl,3d-14.lvl,3d-15.lvl,3d-16.lvl,3d-17.lvl,3d-18.lvl,3d-19.lvl,3d-20.lvl,3d-21.lvl,8d-1.lvl,,,,,,,,,,,,,,4cx-12.lvl,4cx-11.lvl,4cx-10.lvl,,,,,,4cx-7.lvl,,,,5c-1.lvl,5c-2.lvl,5c-3.lvl,5c-4.lvl,5c-5.lvl,5c-6.lvl,5c-7.lvl,5c-8.lvl,5c-9.lvl,5c-10.lvl,5c-11.lvl,5c-12.lvl,5c-13.lvl,5c-14.lvl,..,..,5c-15.lvl,5c-16.lvl,5c-17.lvl,5c-18.lvl,5c-19.lvl,5c-20.lvl,5c-21.lvl,6c-1.lvl,6c-2.lvl,6c-3.lvl,6c-4.lvl,6c-5.lvl,6c-6.lvl,6c-7.lvl,6c-8.lvl,6c-8x.lvl,6c-9.lvl,6c-10.lvl,6c-11.lvl,6c-12.lvl,6c-13.lvl,,6c-15.lvl,,7cx-5.lvl,,,,,,,,,,,,,,,,,,7c-23.lvl,,,,,,,8a-1x.lvl,8ax-0.lvl,8a-1.lvl,8ax-1.lvl,8a-2.lvl,8ax-2.lvl,8a-3.lvl,8ax-3.lvl,8a-4.lvl,8ax-4.lvl,8a-5.lvl,8ax-5.lvl,8a-6.lvl,,,0-rig.lvl,..,0-lef.lvl,0-lef.lvl,,,,,,
ix7-1.lvl,ix7-2.lvl,ix7-3.lvl,ix7-4.lvl,ix7-5.lvl,,,,,,$i5-5x.lvl,,,,,,,,,,$ix5-1x.lvl,$ix5-2.lvl,$ix5-3.lvl,$ix5-4.lvl,$ix5-5x.lvl,$ix5-1x.lvl,$ix5-2.lvl,$ix5-3.lvl,$ix5-4.lvl,..,$ix5-5x.lvl,,0-lef.lvl,,,,,,,,,,,,,,,,,,,,,,,,,7d-16x.lvl,rr1-1.lvl,rr1-2.lvl,rr1-3.lvl,rr1-4.lvl,rr1-5.lvl,rr1-6.lvl,rr1-7.lvl,rr1-8.lvl,rr1-9.lvl,rr1-10.lvl,rr1-11.lvl,rr1-12.lvl,rr1-13.lvl,rr1-14.lvl,rr1-15.lvl,rr1-16.lvl,rr1-17.lvl,rr1-18.lvl,rr1-19.lvl,rr1-20.lvl,rr2-1.lvl,rr2-2.lvl,rr2-3.lvl,rr2-4.lvl,rr2-5.lvl,rr2-6.lvl,rr2-7.lvl,rr2-8.lvl,rr2-9.lvl,rr2-10.lvl,rr2-11.lvl,rr2-12.lvl,rr2-13.lvl,rr2-14.lvl,rr2-15.lvl,rr2-16.lvl,rr2-17.lvl,rr2-18.lvl,rr2-19.lvl,rr2-20.lvl,rr3-1.lvl,rr3-2.lvl,0-unf.lvl,,,,,,,,,,,,,,,,,,,,,6x-9.lvl,,,,,,,,r4-13.lvl,,,,,,,,,,,,,,br-t.lvl,7x-1.lvl,7x-4.lvl,7x-5.lvl,7x-3.lvl,7x-2.lvl,7x-6.lvl,,,,,,,,,,,,,,,,,8x-6.lvl,8x-5.lvl,8x-4.lvl,8x-3.lvl,8x-2.lvl,8x-1.lvl,,,,,,,,,3d-22.lvl,,,,,,,,,,,,,,,,,,,,,,,4cx-8.lvl,,,,,,,,,,,,,,5cx-6.lvl,5cx-7.lvl,cwarp-9.lvl,,,,,,,,,,,,,,,,,,,6cx-2.lvl,,6cx-5.lvl,,,,,7c-1.lvl,..,7cx-6.lvl,,,,,,,,,,,,,,,,,,7c-22.lvl,,,,,,,8ad-3.lvl,,,,9xu-3.lvl,..,,,,,9-19.lvl,dud0-1.lvl,,,,..,..,0-lef.lvl,,,,,,,
ix1-1.lvl,ix1-2.lvl,ix1-3.lvl,ix1-4.lvl,ix1-5.lvl,ix1-1.lvl,ix1-2.lvl,ix1-3.lvl,ix1-4.lvl,ix1-5.lvl,$i5-4.lvl,ix6-5y.lvl,ix6-4x.lvl,ix6-3x.lvl,ix6-2x.lvl,$ix6-1x.lvl,ix6-5y.lvl,ix6-4x.lvl,ix6-3x.lvl,ix6-2x.lvl,ix6-1x.lvl,ix6-5.lvl,ix6-4.lvl,ix6-3.lvl,ix6-2.lvl,$ix6-1.lvl,ix6-5.lvl,ix6-4.lvl,ix6-3.lvl,ix6-2.lvl,ix6-1.lvl,ix6-5.lvl,0-lef.lvl,,,,,,,,,,,,,,,,,g99-3.lvl,g99-4.lvl,,,,,,,..,7d-17x.lvl,,,,,,,,,,,,,,,,,,,,,,,,,,,,,,,,,,,,,,,,,,,,,,,,,,,,,,,,,,,,,,,6x-10.lvl,gwarp-1.lvl,,,,,,,r4-14.lvl,,,,,,,,,,,,,,br-t2.lvl,,,,,,,,,,,,,,,,,,,,9x-8.lvl,9x-6.lvl,9x-5.lvl,9x-4.lvl,9x-3.lvl,9x-2.lvl,9x-1.lvl,,,,,,,,,,,3d-23.lvl,,,,,,,,,,,,,,,,,,,,,,,,,,,,,,,,,,,,,,,,,,,,,,,,,,,,,,,,,,6cx-3.lvl,,,,,,,7c-2.lvl,,,,,,,,,,,,,,,,,,,,7c-21.lvl,,,,,,9xu-2.lvl,9-5.lvl,9-6.lvl,9-7.lvl,0-unf.lvl,,..,,,,,,9-15.lvl,,,..,,..,,,,,,,,
ix2-5.lvl,ix2-4.lvl,ix2-3.lvl,ix2-2.lvl,$ix2-1.lvl,ix2-5.lvl,ix2-4.lvl,ix2-3.lvl,ix2-2.lvl,ix2-1.lvl,$i5-3.lvl,ix8-1.lvl,ix8-2.lvl,ix8-3.lvl,ix8-4.lvl,ix8-5.lvl,ix8-1.lvl,ix8-2.lvl,ix8-3.lvl,ix8-4.lvl,ix8b-5.lvl,0-lef.lvl,0-top.lvl,0-top.lvl,0-top.lvl,0-top.lvl,0-top.lvl,0-top.lvl,0-top.lvl,0-top.lvl,0-top.lvl,0-top.lvl,0-lef.lvl,,,,,,,,,,,,,,,,,,,,,,,,,7d-16.lvl,,,,,,,,,,,,,,,,,,,,,,,,,,,,,,,,,,,,,,,,,,,,,,,,,,,,,,,,,,,,,,,,,,,,,,,,r4-15.lvl,r5-0.lvl,,,,,,,,,,,,,br-t3.lvl,,,,,,,,,,,,,,,,,,,,gwarp-5.lvl,,9x-10.lvl,,,,..,,,,,,,,,,9x-7.lvl,..,,,,,,,,,,,,,,,,,,,,,,,,,,,aus-1.lvl,,,,,,,,,,,,,,,,,,,,,,,,,,,,,,,,,,,,7cx-1.lvl,,7c-2x.lvl,,,,,,,,,,,,,,,,,,,,..,..,..,,,9xu-1.lvl,9-4.lvl,,9xd-2.lvl,,,,8as-1.lvl,8as-0.lvl,,,,,,,..,,,..,,,,,,,,
ix3-1.lvl,ix3-2.lvl,ix3-3.lvl,ix3-4.lvl,ix3-5.lvl,ix3-1.lvl,ix3-2.lvl,ix3-3.lvl,ix3-4.lvl,ix3-5.lvl,$i5-2.lvl,$i5-1.lvl,0-top.lvl,0-top.lvl,0-top.lvl,0-top.lvl,0-top.lvl,0-top.lvl,0-top.lvl,0-top.lvl,ix8b-6.lvl,0-lef.lvl,0-lef.lvl,,,,,,,,,,,,,,,,,,,,,,,,,,,g99-5.lvl,g99-6.lvl,,,,,,,7d-15.lvl,7-16.lvl,,,,,,,,,,,,,,,,,,,,,,,,,,,,,,,,,,,,,,,,,,,,,,,,,,,,,,,,,,,,,,,,,,,,,,,,r5-1.lvl,r5-2.lvl,r5-unf.lvl,,,,,,,,,,,br-t4.lvl,,,,,,,,,,,,,,,,7-0.lvl,6-21.lvl,6-20.lvl,6-19.lvl,6-18.lvl,6-17.lvl,6-16.lvl,6-15.lvl,6-14.lvl,6-13.lvl,6-12.lvl,6-11.lvl,6-10.lvl,6-9.lvl,6-8.lvl,6-7.lvl,6-6.lvl,6-5.lvl,6-4.lvl,6-3.lvl,6-2.lvl,6-1.lvl,6-1end.lvl,,,,,,,,,,,,,,,,,,,,,,,,,,,,,,,,,,,,,,,,,,,,,,,,,,,,,,,,,,,,,,7c-5.lvl,7c-4.lvl,7c-3.lvl,7c-8.lvl,..,..,..,..,..,..,..,..,..,..,..,..,..,..,..,..,..,..,7c-20.lvl,,9-0z.lvl,..,9-1.lvl,9-2.lvl,9-3.lvl,,,,,,8as-2.lvl,,,,,,,..,,,,..,,,,,,,,
ix4-5.lvl,ix4-4.lvl,ix4-3.lvl,ix4-2.lvl,ix4-1.lvl,ix4-5.lvl,ix4-4.lvl,ix4-3.lvl,ix4-2.lvl,,$i4-5.lvl,$i4-6x.lvl,,,,,,,,0-top.lvl,ix8-6.lvl,ix8b-2.lvl,0-lef.lvl,,,,,,,,,,,,,,,,,,,,,,,,,,,,,,,,,,,7-15.lvl,..,..,..,..,..,..,..,..,..,..,..,..,..,..,..,..,7-14.lvl,..,..,..,..,..,..,..,..,..,..,..,..,..,..,..,..,..,..,..,..,..,..,..,..,..,..,..,..,..,..,..,..,..,..,7-13.lvl,..,..,..,..,..,7-12.lvl,..,..,..,..,..,7-11.lvl,..,..,..,..,..,7-10.lvl,..,..,..,..,..,7-9.lvl,..,..,..,..,7-8.lvl,..,..,7-7.lvl,..,..,7-6.lvl,..,..,7-5.lvl,..,..,7-4.lvl,..,..,7-3.lvl,..,..,7-2.lvl,..,..,7-1.lvl,,,,,,,,,,,,,,,,,,,,gwarp-4.lvl,6-2x.lvl,,,,,,,,,,,,,,,,,,,,,,,,,,,,,,,,,,,,,,,,,,,,,,,,,,,,,,,,,,,,,,,7c-6.lvl,..,7c-7.lvl,,,,,,,,,,,,,,,,,,,,,,,9xd-0.lvl,..,..,..,..,..,..,..,..,..,..,..,..,..,..,9xd-1x.lvl,,,,,..,,,,,,,,
ix5-1.lvl,ix5-2.lvl,ix5-3.lvl,ix5-4.lvl,ix5-5.lvl,ix5-1.lvl,ix5-2.lvl,ix5-3.lvl,ix5-4.lvl,ix5-5.lvl,$i4-4.lvl,$i4-3.lvl,,,,,,,,0-top.lvl,0-top.lvl,0-top.lvl,0-lef.lvl,,,,,,,,,,,,,,,,,,,,,,,,,,,g99-7.lvl,g99-8.lvl,,,,,,0-2.lvl,,,,,,,,,,,,,,,,,,,,,,,,,,,,,,,,,,,,,,,,,,,,,,,,,,,,,,,,,,,,,,,,,,,,,,,7-0x.lvl,,,,,,,,,,,,,,gwarp-6.lvl,,br-t5.lvl,br-13.lvl,,,,,,,,,,,,,,,,,,,,,,,,,,,,,,,,,,,,,,,,,,,,,,,,,,,,,,,,,,,,,,,,,,,,,,,,,,,,,,,,,,,,,,,,,,,,,,,,,,,7cx-7.lvl,,,,,,,,,,,,,,,,,,,,,,,9d-3.lvl,,,,,,,,,,,8as-3.lvl,,,,,,,,,,,..,,,,,,,,
,,,,,,,,,,$i4-1x.lvl,$i4-2.lvl,,,,,,,,,,,,,,,,,,,,,,,,,,,,,,,,,,,,,,,,,,,,,,,,,,,,,,,,,,,,,,,,,,,,,,,,,,,,,,,,,,,,,,,,,,,,,,,,,,,,,,,,,,,,,,,,,,,7-2x.lvl,7-1x.lvl,,,,,,,,,,,,,,br-6x.lvl,br-6.lvl,..,..,br-14.lvl,,,,,,,,,,,,,,,,,,,,,,,,,,,,,,,,,,,,,,,,,,,,,,,,,,,,,,,,,,,,,,,,,,,,,,,,,,,,,,,,,,,,,,,,,,,,,,,,,,8cx-0.lvl,8cx-4.lvl,8cx-5.lvl,,,,,,,,,,,,,,8cx-2.lvl,8cx-3.lvl,,,,,9d-1.lvl,9d-2.lvl,,,,,,,,,9d-11.lvl,9d-12.lvl,8as-4.lvl,,,,,,,,,,,..,,,,,,,,
,,,,,,,,,,$i3-6x.lvl,$i3-5.lvl,$i3-4.lvl,,,,,,,,,,,,,,,,,,,,,,,,,,,,,,,,,,,,,,,,,,,,,,,,,,,,,,,,,,,,,,,,,,,,,,,,,,,,,,,,,,,,,,,,,,,,,,,,,,,,,,,,,,,,,,,,,7-4x.lvl,7-3x.lvl,,,,,,,,,,,,,,..,,..,..,br-3.lvl,,..,,,,,,,,,,,,,,,,,,,,,,,,,,,,,,,,,,,,,,,,,,,,,,,,,,,,,,,,,,,,,,,,,,,,,,,,,,,,,,o1x-1.lvl,,,,,,,,,,o1-start.lvl,but3-10.lvl,,,,,,,,8c-1.lvl,8c-2.lvl,8c-3.lvl,8c-4.lvl,8c-4x.lvl,8c-5.lvl,8c-5x.lvl,8c-6x.lvl,8c-6.lvl,8c-7.lvl,8c-8.lvl,8c-8x.lvl,8c-9.lvl,8c-10.lvl,8c-11.lvl,8c-12.lvl,8c-13.lvl,8c-14.lvl,,,,,9dx-4.lvl,,9dx-2.lvl,,,9dx-1.lvl,,,,9dx-3.lvl,,,8as-5.lvl,,,,,,,,,,,..,,,,,,,,
,,,,,,,,,,$i3-1x.lvl,$i3-2.lvl,$i3-3.lvl,,,,,,,,,,,,,,,,,,,,,,,,,,,,,,,,,,,,,,,,,,,,,,,,,,,,,,,,,,,,,,,,,,,,,,,,,,,,,,,,,,,,,,,,,,,,,,,,,,,,,,,,,,,,,,,,,7-5x.lvl,,,,,,,,,,,,,,..,,..,..,..,br-4.lvl,br-5.lvl,,..,,,,,,,,,,,,,,,,,,,,,,,,,,,,,,,,,,,,,,,,,,,,,,,,,,,,,,,,,,,,,,,,,,,,,,,o1-16.lvl,o1-15.lvl,o1-14.lvl,o1-13.lvl,o1-12.lvl,o1-11.lvl,o1-10.lvl,o1-9.lvl,o1-8.lvl,o1-7.lvl,o1-6.lvl,o1-5.lvl,o1-4.lvl,o1-3.lvl,o1-2.lvl,o1-1.lvl,o1-0.lvl,,,,,,,,,,,,,,,,,,,,,,8cx-1.lvl,,,,..,,,,,,,,,,,,,,,,,8as-6.lvl,,,,,,,,,,,..,,,,,,,,
,,,,,,,,,,$i2-7x.lvl,$i2-6.lvl,$i2-5.lvl,,,,,,,,,,,,,,,,,,,,,,,,,,,,,,,,,,,,,,,,,,,,,,,,,,,,,,,,,,,,,,,,,,,,,,,,,,,,,,,,,,,,,,,,,,,,,,,,,,,,,,,,,,,,,,,,,7-6x.lvl,,,,,,,,,,,,,br-7.lvl,,..,,br-2.lvl,br-1.lvl,..,,,,..,,,,,,,,,,,,,,,,,,,,,,,,,,,,,,,,,,,,,,,,,,,,,,,,,,,,,,,,,,,,,,,,,,,,,,,,,,,,,,,,,,,,,,,,,,,,,,,,,,,,,,,,,,,,,,,,..,,,,,,,,,,,,,,,,,8as-7.lvl,,,,,,,,,,,..,,,,,,,,
,,,,,,,,,$i2-1x.lvl,$i2-2.lvl,$i2-3.lvl,$i2-4.lvl,,,,,,,,,,,,,,,,,,,,,,,,,,,,,,,,,,,,,,,,,,,,,,,,,,,,,,,,,,,,,,,,,,,,,,,,,,,,,,,,,,,,,,,,,,,,,,,,,,,,,,,,,,,,,,,,,7-7x.lvl,7-8x.lvl,,,,,,,,,,,,,..,,..,..,..,,,,,,..,,,,,,,,,,,,,,,,,,,,,,,,,,,,,,,,,,,,,,,,,,,,,,,,,,,,,,,,,,,,,,,,,,,,,,,,,,,,,,,,,,,,,,,,,,,,,,,,,,,,,,,,,,,,,,,..,,,,,,,,,,,,,,,,,8as-8.lvl,,,,,,,,,,,..,,,,,,,,
,,,,,,,,,$i1-8x.lvl,$i1-7.lvl,$i1-6.lvl,$i1-5.lvl,,,,,,,,,,,,,,,,,,,,,,,,,,,,,,,,,,,,,,,,,,,,,,,,,,,,,,,,,,,,,,,,,,,,,,,,,,,,,,,,,,,,,,,,,,,,,,,,,,,,,,,,,,,,,,,,,,,,,,,,,,,,,,..,,..,,..,,,,,,,,..,,,,,,,,,,,,,,,,,,,,,,,,,,,,,,,,,,,,,,,,,,,,,,,,,,,,,,,,,,,,,,,,,,,,,,,,,,,,,,,,,,,,,,,,,,,,,,,,,,,,,,,,,,,,,,..,,,,,,,,,,,,,,,,,8as-9.lvl,,,,,,,,,,0-rig.lvl,..,0-lef.lvl,,,,,,,
,,,,,,,,,$i1-1x.lvl,$i1-2.lvl,$i1-3.lvl,$i1-4.lvl,,,,,,,,,,,,,,,,,,,,,,,,,,,,,,,,,,,,,,,,,,,,,,,,,,,,,,,,,,,,,,,,,,,,,,,,,,,,,,,,,,,,,,,,,,,,,,,,,,,,,,,,,,,,,,,,,,,,,,,,,,,br-11.lvl,..,..,br-10.lvl,br-9.lvl,,..,..,,,,,,,,,..,,,,,,,,,,,,,,,,,,,,,,,,,,,,,,,,,,,,,,,,,,,,,,,,,,,,,,,,,,,,,,,,,,,,,,,,,,,,,,,,,,,,,,,,,,,,,,,,,,,,,,,,,,,,,..,,,,,,,,,,,,,,,,k2-9unf.lvl,,,,,,,,,,,0-rig.lvl,..,0-bot.lvl,0-bot.lvl,0-bot.lvl,,,,,
,,,,,,,,,,,,,,,,,,,,,,,,,,,,,,,,,,,,,,,,,,,,,,,,,,,,,,,,,,,,,,,,,,,,,,,,,,,,,,,,,,,,,,,,,,,,,,,,,,,,,,,,,,,,,,,,,,,,,,,,,,,,,,,,,,,,,,,,br-12.lvl,..,br-2x.lvl,..,br-7x.lvl,..,br-8.lvl,,,,,,,,,,..,,,,,,,,,,,,,,,,,,,,,,,,,,,,,,,,,,,,,,,,,,,,,,,,,,,,,,,,,,,,,,,,,,,,,,,,,,,,,,,,,,,,,,,,,,,,,,,,,,,,,,,,,,,,..,,,,,,,,,,,,,,,,k2-8.lvl,,,,,,,,,,,0-rig.lvl,r9d-1.lvl,r9d-2.lvl,r9d-3.lvl,0-unf.lvl,,,,,
,,,,,,,,,,,,,,,,,,,,,,,,,,,,,,,,,,,,,,,,,,,,,,,,,,,,,,,,,,,,,,,,,,,,,,,,,,,,,,,,,,,,,,,,,,,,,,,,,,,,,,,,,,,,,,,,,,,,,,,,,,,,,,,,,,,,,,,,,,,,,,,,,,,,,,,,,..,,,,,,,,,,,,,,,,,,,,,,,,,,,,,,,,,,,,,,,,,,,,,,,,,,,,,,,,,,,,,,,,,,,,,,,,,,,,,,,,,,,,,,,,,,,,,,,,,,,,,,,,,,,..,,,,,,,,,,,,,,,,k2-7.lvl,,,,,,,,,,,0-rig.lvl,0-top.lvl,0-lef.lvl,0-lef.lvl,0-lef.lvl,,,,,
,,,,,,,,,,,,,,,,,,,,,,,,,,,,,,,,,,,,,,,,,,,,,,,,,,,,,,,,,,,,,,,,,,,,,,,,,,,,,,,,,,,,,,,,,,,,,,,,,,,,,,,,,,,,,,,,,,,,,,,,,,,,,,,,,,,,,,,,,,,,,,,,,,,,,,,,,,br1-1.lvl,br-15.lvl,,,,,,,,,,,,,,,,,,,,,,,,,,,,,,,,,,,,,,,,,,,,,,,,,,,,,,,,,,,,,,,,,,,,,,,,,,,,,,,,,,,,,,,,,,,,,,,,,,,,,,,,,..,,,,,,,,,,,,,,,k2-5.lvl,k2-6.lvl,,,,,,,,,,,,,,,,,,,,
,,,,,,,,,,,,,,,,,,,,,,,,,,,,,,,,,,,,,,,,,,,,,,,,,,,,,,,,,,,,,,,,,,,,,,,,,,,,,,,,,,,,,,,,,,,,,,,,,,,,,,,,,,,,,,,,,,,,,,,,,,,,,,,,,,,,,,,,,,,,,,,,,,,,,,,,,,br-16.lvl,br-15x.lvl,br-16x.lvl,,,,,,,,,,,,,,,,,,,,,,,,,,,,,,,,,,,,,,,,,,,,,,,,,,,,,,,,,,,,,,,,,,,,,,,,,,,,,,,,,,,,,,,,,,,,,,,,,,,,,,,,..,,,,,,,,,,,,,,,k2-4.lvl,,,,,,,,,,,,,,,,,,,,,
,,,,,,,,,,,,,,,,,,,,,,,,,,,,,,,,,,,,,,,,,,,,,,,,,,,,,,,,,,,,,,,,,,,,,,,,,,,,,,,,,,,,,,,,,,,,,,,,,,,,,,,,,,,,,,,,,,,,,,,,,,,,,,,,,,,,,,,,,,,,,,,,,,,,,,,,,,,..,,,,,,,,,,,,,,,,,,,,,,,,,,,,,,,,,,,,,,,,,,,,,,,,,,,,,,,,,,,,,,,,,,,,,,,,,,,,,,,,,,,,,,,,,,,,,,,,,,,,,,,,,..,,,,,,,,,,,,,,,k2-3.lvl,,,,,,,,,,,,,,,,,,,,,
,,,,,,,,,,,,,,,,,,,,,,,,,,,,,,,,,,,,,,,,,,,,,,,,,,,,,,,,,,,,,,,,,,,,,,,,,,,,,,,,,,,,,,,,,,,,,,,,,,,,,,,,,,,,,,,,,,,,,,,,,,,,,,,,,,,,,,,,,,,,,,,,,,,,,,,,,,..,,..,,,,,,,,,,,,,,,,,,,,,,,,,,,,,,,,,,,,,,,,,,,,,,,,,,,,,,,,,,,,,,,,,,,,,,,,,,,,,,,,,,,,,,,,,,,,,,,,,,,,,,,,..,,,,,,,,,,,,,,,k2-2.lvl,,,,,,,,,,,,,,,,,,,,,
,,,,,,,,,,,,,,,,,,,,,,,,,,,,,,,,,,,,,,,,,,,,,,,,,,,,,,,,,,,,,,,,,,,,,,,,,,,,,,,,,,,,,,,,,,,,,,,,,,,,,,,,,,,,,,,,,,,,,,,,,,,,,,,,,,,,,,,,,,,,,,,,,,,,,,,,,br1-2.lvl,..,..,..,br1-3.lvl,br1-4.lvl,,,,,,,,,,,,,,,,,,,,,,,,,,,,,,,,,,,,,,,,,,,,,,,,,,,,,,,,,,,,,,,,,,,,,,,,,,,,,,,,,,,,,,,,,,,,,,,,,,,,,,8c-15.lvl,8c-16.lvl,8c-17.lvl,ki-1.lvl,ki-2.lvl,ki-3.lvl,ki-4.lvl,ki-5.lvl,ki-6.lvl,ki-7.lvl,ki-8.lvl,ki-9.lvl,ki-10.lvl,ki-11.lvl,..,k2-1.lvl,,,,,,,,,,,,,,,,,,,,,
,,,,,,,,,,,,,,,,,,,,,,,,,,,,,,,,,,,,,,,,,,,,,,,,,,,,,,,,,,,,,,,,,,,,,,,,,,,,,,,,,,,,,,,,,,,,,,,,,,,,,,,,,,,,,,,,,,,,,,,,,,,,,,,,,,,,,,,,,,,,,,,,,,,,,,,,,,,,,,br1-2x.lvl,,,,,,,,,,,,,,,,,,,,,,,,,,,,,,,,,,,,,,,,,,,,,,,,,,,,,,,,,,,,,,,,,,,,,,,,,,,,,,,,,,,,,,,,,,,,,,,,,,,,,,,,,,,,,,ki-1x.lvl,ki-2x.lvl,ki-3x.lvl,ki-4x.lvl,ki-5x.lvl,ki-6x.lvl,,,,,,,,,,,,,,,,,,,,,,,
